[
  {
    "id":"1012",
    "name": "Butter Chicken",
    "serving": "Serves 2 adults",
    "price": 320,
    "description": "Tender chicken pieces in a rich, creamy tomato sauce. A beloved North Indian delicacy.",
    "category": "North Indian",
    "image": "Teyzee_Show_menu_Images/Butter_Chicken_300w_240h.jpg"
  },
  {
    "id":"1013",
    "name": "Chicken Biryani",
    "serving": "Serves 2 adults",
    "price": 300,
    "description": "Aromatic basmati rice cooked with succulent chicken pieces and fragrant spices. A feast in itself.",
    "category": "South Indian",
    "image": "Teyzee_Show_menu_Images/Chicken_Biryani_300w_240h.jpg"
  },
  {
    "id":"1014",
    "name": "Mutton Rogan Josh",
    "serving": "Serves 2 adults",
    "price": 350,
    "description": "Tender mutton cooked in a rich gravy of yogurt, aromatic spices, and caramelized onions. A Kashmiri specialty.",
    "category": "North Indian",
    "image": "Teyzee_Show_menu_Images/Mutton_Rogan_Josh_300w_240h.jpg",
    "veg": false
  },
  {
    "id":"1015",
    "name": "Grilled Lemon Herb Chicken",
    "serving": "Serves 2 adults",
    "price": 340,
    "description": "Juicy chicken breast marinated in lemon and herbs, grilled to perfection. Served with roasted vegetables.",
    "category": "Continental",
    "image": "Teyzee_Show_menu_Images/Grilled_Lemon_Herb_Chicken_300w_240h.jpg",
    "veg": false
  },
  {
    "id":"1016",
    "name": "Kung Pao Chicken",
    "serving": "Serves 2 adults",
    "price": 280,
    "description": "Diced chicken stir-fried with peanuts, vegetables, and chili peppers in a spicy sauce.",
    "category": "Chinese",
    "image": "Teyzee_Show_menu_Images/Kung_Pao_Chicken_300w_240h.jpg",
    "veg": false
  },
  {
    "id":"1017",
    "name": "Tandoori Chicken",
    "serving": "Serves 2 adults",
    "price": 300,
    "description": "Chicken marinated in yogurt and spices, then roasted in a tandoor. Served with mint chutney.",
    "category": "North Indian",
    "image": "Teyzee_Show_menu_Images/Tandoori_Chicken_300w_240h.jpg",
    "veg": false
  }
]