[
  {
    "id":"1001",
    "name": "Paneer Tikka",
    "serving": "Serves 2 adults",
    "price": 250,
    "description": "Succulent cubes of paneer marinated in aromatic spices and grilled to perfection. A classic vegetarian delight.",
    "category": "North Indian",
    "image": "Teyzee_Show_menu_Images/Paneer_Tikka_300w_240h.jpg",
    "veg": true
  },
  {
    "id":"1002",
    "name": "Palak Paneer",
    "serving": "Serves 2 adults",
    "price": 220,
    "description": "Creamy spinach curry with soft paneer cubes. A nutritious and flavorful North Indian favorite.",
    "category": "North Indian",
    "image": "Teyzee_Show_menu_Images/Palak_Paneer_300w_240h.jpg",
    "veg": true
  },
  {
    "id":"1003",
    "name": "Vegetable Biryani",
    "serving": "Serves 2 adults",
    "price": 220,
    "description": "Fragrant basmati rice cooked with mixed vegetables and aromatic spices. A festive one-pot meal.",
    "category": "South Indian",
    "image": "Teyzee_Show_menu_Images/Vegetable_Biryani_300w_240h.jpg",
    "veg": true
  },
  {
    "id":"1004",
    "name": "Vegetable Lasagna",
    "serving": "Serves 2 adults",
    "price": 300,
    "description": "Layers of pasta, mixed vegetables, and cheese baked to golden perfection. A comforting Italian-inspired dish.",
    "category": "Italian",
    "image": "Teyzee_Show_menu_Images/Vegetable_Lasagna_300w_240h.jpg",
    "veg": true
  },
  {
    "id":"1005",
    "name": "Vegetable Manchurian",
    "serving": "Serves 2 adults",
    "price": 220,
    "description": "Crispy vegetable dumplings tossed in a tangy and spicy sauce. An Indo-Chinese favorite.",
    "category": "Chinese",
    "image": "Teyzee_Show_menu_Images/Vegetable_Manchurian_300w_240h.jpg",
    "veg": true
  },
  {
    "id":"1006",
    "name": "Dal Tadka",
    "serving": "Serves 2 adults",
    "price": 180,
    "description": "Yellow lentils tempered with cumin, garlic, and aromatic spices. A protein-packed comfort food.",
    "category": "North Indian",
    "image": "Teyzee_Show_menu_Images/Dal_Tadka_300w_240h.jpg",
    "veg": true
  },
  {
    "id":"1007",
    "name": "Aloo Gobi",
    "serving": "Serves 2 adults",
    "price": 200,
    "description": "Cauliflower and potatoes cooked with turmeric, cumin, and other spices. A classic North Indian dish.",
    "category": "North Indian",
    "image": "Teyzee_Show_menu_Images/Aloo_Gobi_300w_240h.jpg",
    "veg": true
  },
  {
    "id":"1008",
    "name": "Chana Masala",
    "serving": "Serves 2 adults",
    "price": 220,
    "description": "Chickpeas simmered in a spicy tomato-based sauce with onions and aromatic spices.",
    "category": "North Indian",
    "image": "Teyzee_Show_menu_Images/Chana_Masala_300w_240h.jpg",
    "veg": true
  },
  {
    "id":"1009",
    "name": "Cauliflower Rice Stir Fry",
    "serving": "Serves 2 adults",
    "price": 250,
    "description": "Riced cauliflower stir-fried with low-carb vegetables and your choice of protein.",
    "category": "Healthy",
    "image": "Teyzee_Show_menu_Images/Cauliflower_Rice_Stir_Fry_300w_240h.jpg",
    "veg": true
  },
  {
    "id":"1010",
    "name": "Spinach Mushroom Stir-Fry",
    "serving": "Serves 2 adults",
    "price": 220,
    "description": "Fresh spinach and mushrooms sautéed with garlic and spices. A low-carb vegetarian delight.",
    "category": "Healthy",
    "image": "Teyzee_Show_menu_Images/Spinach_Mushroom_Stir_Fry_300w_240h.jpg",
    "veg": true
  },
  {
    "id":"1011",
    "name": "Paneer Tikka (No Marinade)",
    "serving": "Serves 2 adults",
    "price": 270,
    "description": "Grilled paneer cubes seasoned with keto-friendly spices. A protein-rich vegetarian option.",
    "category": "Healthy",
    "image": "Teyzee_Show_menu_Images/Paneer_Tikka_300w_240h.jpg",
    "veg": true
  }
]
